"id","sepal length (cm)","sepal width (cm)","petal length (cm)","petal width (cm)","target","petal area (cm^2)"
40,5,3.5,1.3,0.3,0,0.39
41,4.5,2.3,1.3,0.3,0,0.39
42,4.4,3.2,1.3,0.2,0,0.26
43,5,3.5,1.6,0.6,0,0.96
44,5.1,3.8,1.9,0.4,0,0.76
45,4.8,3,1.4,0.3,0,0.42
46,5.1,3.8,1.6,0.2,0,0.32000000000000006
47,4.6,3.2,1.4,0.2,0,0.27999999999999997
