"id","sepal length (cm)","sepal width (cm)","petal length (cm)","petal width (cm)","target","petal area (cm^2)"
87,6.3,2.3,4.4,1.3,1,5.720000000000001
88,5.6,3,4.1,1.3,1,5.33
89,5.5,2.5,4,1.3,1,5.2
90,5.5,2.6,4.4,1.2,1,5.28
91,6.1,3,4.6,1.4,1,6.4399999999999995
92,5.8,2.6,4,1.2,1,4.8
93,5,2.3,3.3,1,1,3.3
