"sepal length (cm)","sepal width (cm)","petal length (cm)","petal width (cm)","target","DUPLICATE petal area (cm^2)"
5.4,3.9,1.3,0.4,0,0.52
5.1,3.5,1.4,0.3,0,0.42
5.7,3.8,1.7,0.3,0,0.51
5.1,3.8,1.5,0.3,0,0.44999999999999996
5.4,3.4,1.7,0.2,0,0.34
5.1,3.7,1.5,0.4,0,0.6000000000000001
4.6,3.6,1,0.2,0,0.2
5.1,3.3,1.7,0.5,0,0.85
