"id","sepal length (cm)","sepal width (cm)","petal length (cm)","petal width (cm)","target","petal area (cm^2)"
94,5.6,2.7,4.2,1.3,1,5.460000000000001
95,5.7,3,4.2,1.2,1,5.04
96,5.7,2.9,4.2,1.3,1,5.460000000000001
97,6.2,2.9,4.3,1.3,1,5.59
98,5.1,2.5,3,1.1,1,3.3000000000000003
99,5.7,2.8,4.1,1.3,1,5.33
100,6.3,3.3,6,2.5,2,15
