"sepal length (cm)","sepal width (cm)","petal length (cm)","petal width (cm)","target","DUPLICATE petal area (cm^2)"
5.3,3.7,1.5,0.2,0,0.30000000000000004
5,3.3,1.4,0.2,0,0.27999999999999997
7,3.2,4.7,1.4,1,6.58
6.4,3.2,4.5,1.5,1,6.75
6.9,3.1,4.9,1.5,1,7.3500000000000005
5.5,2.3,4,1.3,1,5.2
6.5,2.8,4.6,1.5,1,6.8999999999999995
5.7,2.8,4.5,1.3,1,5.8500000000000005
