"id","sepal length (cm)","sepal width (cm)","petal length (cm)","petal width (cm)","target","petal area (cm^2)"
24,4.8,3.4,1.9,0.2,0,0.38
25,5,3,1.6,0.2,0,0.32000000000000006
26,5,3.4,1.6,0.4,0,0.6400000000000001
27,5.2,3.5,1.5,0.2,0,0.30000000000000004
28,5.2,3.4,1.4,0.2,0,0.27999999999999997
29,4.7,3.2,1.6,0.2,0,0.32000000000000006
30,4.8,3.1,1.6,0.2,0,0.32000000000000006
31,5.4,3.4,1.5,0.4,0,0.6000000000000001
