"sepal length (cm)","sepal width (cm)","petal length (cm)","petal width (cm)","target","DUPLICATE petal area (cm^2)"
5.2,4.1,1.5,0.1,0,0.15000000000000002
5.5,4.2,1.4,0.2,0,0.27999999999999997
4.9,3.1,1.5,0.2,0,0.30000000000000004
5,3.2,1.2,0.2,0,0.24
5.5,3.5,1.3,0.2,0,0.26
4.9,3.6,1.4,0.1,0,0.13999999999999999
4.4,3,1.3,0.2,0,0.26
5.1,3.4,1.5,0.2,0,0.30000000000000004
