"id","sepal length (cm)","sepal width (cm)","petal length (cm)","petal width (cm)","target","petal area (cm^2)"
108,6.7,2.5,5.8,1.8,2,10.44
109,7.2,3.6,6.1,2.5,2,15.25
110,6.5,3.2,5.1,2,2,10.2
111,6.4,2.7,5.3,1.9,2,10.069999999999999
112,6.8,3,5.5,2.1,2,11.55
113,5.7,2.5,5,2,2,10
114,5.8,2.8,5.1,2.4,2,12.239999999999998
