"id","sepal length (cm)","sepal width (cm)","petal length (cm)","petal width (cm)","target","petal area (cm^2)"
136,6.3,3.4,5.6,2.4,2,13.44
137,6.4,3.1,5.5,1.8,2,9.9
138,6,3,4.8,1.8,2,8.64
139,6.9,3.1,5.4,2.1,2,11.340000000000002
140,6.7,3.1,5.6,2.4,2,13.44
141,6.9,3.1,5.1,2.3,2,11.729999999999999
142,5.8,2.7,5.1,1.9,2,9.69
