"id","sepal length (cm)","sepal width (cm)","petal length (cm)","petal width (cm)","target","petal area (cm^2)"
56,6.3,3.3,4.7,1.6,1,7.5200000000000005
57,4.9,2.4,3.3,1,1,3.3
58,6.6,2.9,4.6,1.3,1,5.9799999999999995
59,5.2,2.7,3.9,1.4,1,5.46
60,5,2,3.5,1,1,3.5
61,5.9,3,4.2,1.5,1,6.300000000000001
62,6,2.2,4,1,1,4
63,6.1,2.9,4.7,1.4,1,6.58
