"id","sepal length (cm)","sepal width (cm)","petal length (cm)","petal width (cm)","target","petal area (cm^2)"
129,7.2,3,5.8,1.6,2,9.28
130,7.4,2.8,6.1,1.9,2,11.589999999999998
131,7.9,3.8,6.4,2,2,12.8
132,6.4,2.8,5.6,2.2,2,12.32
133,6.3,2.8,5.1,1.5,2,7.6499999999999995
134,6.1,2.6,5.6,1.4,2,7.839999999999999
135,7.7,3,6.1,2.3,2,14.029999999999998
