"id","sepal length (cm)","sepal width (cm)","petal length (cm)","petal width (cm)","target","petal area (cm^2)"
8,4.4,2.9,1.4,0.2,0,0.27999999999999997
9,4.9,3.1,1.5,0.1,0,0.15000000000000002
10,5.4,3.7,1.5,0.2,0,0.30000000000000004
11,4.8,3.4,1.6,0.2,0,0.32000000000000006
12,4.8,3,1.4,0.1,0,0.13999999999999999
13,4.3,3,1.1,0.1,0,0.11000000000000001
14,5.8,4,1.2,0.2,0,0.24
15,5.7,4.4,1.5,0.4,0,0.6000000000000001
