"sepal length (cm)","sepal width (cm)","petal length (cm)","petal width (cm)","target","DUPLICATE petal area (cm^2)"
5.1,3.5,1.4,0.2,0,0.27999999999999997
4.9,3,1.4,0.2,0,0.27999999999999997
4.7,3.2,1.3,0.2,0,0.26
4.6,3.1,1.5,0.2,0,0.30000000000000004
5,3.6,1.4,0.2,0,0.27999999999999997
5.4,3.9,1.7,0.4,0,0.68
4.6,3.4,1.4,0.3,0,0.42
5,3.4,1.5,0.2,0,0.30000000000000004
